epoch,time,train/box_loss,train/cls_loss,train/dfl_loss,metrics/precision(B),metrics/recall(B),metrics/mAP50(B),metrics/mAP50-95(B),val/box_loss,val/cls_loss,val/dfl_loss,lr/pg0,lr/pg1,lr/pg2,lr/pg3,lr/pg4,lr/pg5,lr/pg6,lr/pg7
1,46.3765,1.7681,2.81089,1.75599,0.99652,0.19567,0.20273,0.13209,1.30332,1.54967,1.4722,0.00989691,0.00329897,0.00989691,0.00329897,0.00989691,0.00329897,0.00989691,0.00329897
2,83.6318,1.37229,1.59086,1.3872,0.84899,0.21504,0.22002,0.13514,1.38275,1.13031,1.59697,0.0198887,0.00662957,0.0198887,0.00662957,0.0198887,0.00662957,0.0198887,0.00662957
3,119.303,1.38985,1.45361,1.39918,0.84449,0.22384,0.2417,0.14337,1.28047,0.98369,1.47184,0.0298722,0.00995741,0.0298722,0.00995741,0.0298722,0.00995741,0.0298722,0.00995741
4,154.65,1.40834,1.32587,1.4157,0.97764,0.17447,0.19585,0.11042,1.52868,1.29016,1.7142,0.0299629,0.00998762,0.0299629,0.00998762,0.0299629,0.00998762,0.0299629,0.00998762
5,190.096,1.41483,1.2158,1.40647,0.64508,0.27769,0.27269,0.14459,1.43293,1.0956,1.60507,0.0299505,0.0099835,0.0299505,0.0099835,0.0299505,0.0099835,0.0299505,0.0099835
6,225.47,1.37394,1.10371,1.38513,0.56632,0.3071,0.33866,0.18148,1.50197,0.90109,1.66239,0.0299381,0.00997938,0.0299381,0.00997938,0.0299381,0.00997938,0.0299381,0.00997938
7,260.839,1.36619,1.04275,1.39093,0.40338,0.42365,0.37082,0.21426,1.21721,0.67604,1.40411,0.0299258,0.00997525,0.0299258,0.00997525,0.0299258,0.00997525,0.0299258,0.00997525
8,296.182,1.34907,0.99399,1.37284,0.34814,0.42392,0.40243,0.24106,1.19823,0.63029,1.38532,0.0299134,0.00997112,0.0299134,0.00997112,0.0299134,0.00997112,0.0299134,0.00997112
9,331.584,1.33315,0.97198,1.37189,0.36942,0.57494,0.43079,0.23886,1.21488,0.60429,1.38943,0.029901,0.009967,0.029901,0.009967,0.029901,0.009967,0.029901,0.009967
10,366.904,1.30486,0.92064,1.34103,0.71532,0.54995,0.48197,0.26662,1.21291,0.64735,1.41352,0.0298886,0.00996287,0.0298886,0.00996287,0.0298886,0.00996287,0.0298886,0.00996287
11,402.342,1.30586,0.90617,1.35595,0.38258,0.72709,0.38379,0.20929,1.26571,0.94369,1.43264,0.0298763,0.00995875,0.0298763,0.00995875,0.0298763,0.00995875,0.0298763,0.00995875
12,437.726,1.29161,0.88197,1.33599,0.48605,0.57051,0.64624,0.35866,1.21414,0.6803,1.39821,0.0298639,0.00995462,0.0298639,0.00995462,0.0298639,0.00995462,0.0298639,0.00995462
13,473.506,1.2932,0.89511,1.33704,0.58412,0.55917,0.56642,0.36137,1.20565,0.59505,1.38005,0.0298515,0.0099505,0.0298515,0.0099505,0.0298515,0.0099505,0.0298515,0.0099505
14,509.089,1.26909,0.8632,1.31678,0.73273,0.39917,0.47209,0.27869,1.19462,0.58222,1.37685,0.0298391,0.00994638,0.0298391,0.00994638,0.0298391,0.00994638,0.0298391,0.00994638
15,544.563,1.26207,0.84347,1.30976,0.7742,0.46431,0.51044,0.29849,1.21285,0.52893,1.37391,0.0298267,0.00994225,0.0298267,0.00994225,0.0298267,0.00994225,0.0298267,0.00994225
16,580.094,1.26792,0.83786,1.31318,0.4438,0.70365,0.69374,0.38578,1.20175,0.56304,1.36811,0.0298144,0.00993813,0.0298144,0.00993813,0.0298144,0.00993813,0.0298144,0.00993813
17,615.735,1.27732,0.83925,1.32903,0.75325,0.58333,0.52547,0.3446,1.15112,0.53025,1.3364,0.029802,0.009934,0.029802,0.009934,0.029802,0.009934,0.029802,0.009934
18,651.288,1.25205,0.82432,1.32155,0.47542,0.65167,0.64514,0.41692,1.17746,0.51917,1.36316,0.0297896,0.00992988,0.0297896,0.00992988,0.0297896,0.00992988,0.0297896,0.00992988
19,686.83,1.25475,0.8204,1.31593,0.51905,0.78106,0.67387,0.37379,1.18223,0.59851,1.35527,0.0297773,0.00992575,0.0297773,0.00992575,0.0297773,0.00992575,0.0297773,0.00992575
20,722.509,1.24278,0.82135,1.30894,0.67298,0.61908,0.66571,0.39512,1.19871,0.53244,1.37371,0.0297649,0.00992162,0.0297649,0.00992162,0.0297649,0.00992162,0.0297649,0.00992162
21,758.18,1.23619,0.79631,1.29182,0.7316,0.64078,0.60597,0.3428,1.16895,0.52419,1.34707,0.0297525,0.0099175,0.0297525,0.0099175,0.0297525,0.0099175,0.0297525,0.0099175
22,793.795,1.23488,0.77975,1.29646,0.53206,0.77,0.55793,0.31646,1.18401,0.52129,1.33893,0.0297401,0.00991338,0.0297401,0.00991338,0.0297401,0.00991338,0.0297401,0.00991338
23,829.431,1.23678,0.78225,1.29452,0.46427,0.67764,0.51047,0.30718,1.16731,0.50201,1.34437,0.0297278,0.00990925,0.0297278,0.00990925,0.0297278,0.00990925,0.0297278,0.00990925
24,865.116,1.21335,0.76306,1.29329,0.55612,0.7941,0.60713,0.3447,1.15928,0.50146,1.34666,0.0297154,0.00990513,0.0297154,0.00990513,0.0297154,0.00990513,0.0297154,0.00990513
25,900.918,1.22244,0.77677,1.28221,0.57911,0.76192,0.62665,0.36597,1.15346,0.50668,1.33849,0.029703,0.009901,0.029703,0.009901,0.029703,0.009901,0.029703,0.009901
26,936.646,1.21438,0.76487,1.28574,0.63091,0.61532,0.63036,0.36037,1.15537,0.52719,1.33401,0.0296906,0.00989688,0.0296906,0.00989688,0.0296906,0.00989688,0.0296906,0.00989688
27,972.419,1.22179,0.77076,1.2996,0.59423,0.80236,0.63553,0.38009,1.16372,0.48882,1.34476,0.0296782,0.00989275,0.0296782,0.00989275,0.0296782,0.00989275,0.0296782,0.00989275
28,1008.11,1.21702,0.75192,1.28537,0.47463,0.825,0.48869,0.3188,1.17374,0.5392,1.35068,0.0296659,0.00988862,0.0296659,0.00988862,0.0296659,0.00988862,0.0296659,0.00988862
29,1043.91,1.21518,0.74622,1.29326,0.92805,0.63063,0.75662,0.43866,1.18313,0.47813,1.36827,0.0296535,0.0098845,0.0296535,0.0098845,0.0296535,0.0098845,0.0296535,0.0098845
30,1079.71,1.20313,0.74347,1.28323,0.43269,0.74333,0.73193,0.43148,1.15129,0.47037,1.33106,0.0296411,0.00988038,0.0296411,0.00988038,0.0296411,0.00988038,0.0296411,0.00988038
31,1115.44,1.20394,0.7355,1.27902,0.65452,0.77895,0.77861,0.49402,1.16644,0.46019,1.33524,0.0296288,0.00987625,0.0296288,0.00987625,0.0296288,0.00987625,0.0296288,0.00987625
32,1151.16,1.21281,0.74898,1.29476,0.823,0.68817,0.79154,0.44618,1.17107,0.474,1.35064,0.0296164,0.00987212,0.0296164,0.00987212,0.0296164,0.00987212,0.0296164,0.00987212
33,1187.03,1.19808,0.74299,1.27341,0.70863,0.58352,0.60128,0.37868,1.23025,0.56831,1.40156,0.029604,0.009868,0.029604,0.009868,0.029604,0.009868,0.029604,0.009868
34,1222.85,1.18873,0.73153,1.26565,0.61481,0.71833,0.78848,0.46366,1.14048,0.47268,1.31908,0.0295916,0.00986387,0.0295916,0.00986387,0.0295916,0.00986387,0.0295916,0.00986387
35,1258.63,1.20001,0.73009,1.27159,0.59435,0.77083,0.74247,0.45104,1.15151,0.49014,1.33555,0.0295793,0.00985975,0.0295793,0.00985975,0.0295793,0.00985975,0.0295793,0.00985975
36,1294.46,1.18279,0.72237,1.27127,0.47751,0.71782,0.56646,0.34231,1.22121,0.61615,1.3823,0.0295669,0.00985562,0.0295669,0.00985562,0.0295669,0.00985562,0.0295669,0.00985562
37,1330.39,1.19409,0.71718,1.26109,0.77635,0.74583,0.76233,0.51437,1.17938,0.49672,1.34809,0.0295545,0.0098515,0.0295545,0.0098515,0.0295545,0.0098515,0.0295545,0.0098515
38,1366.12,1.18481,0.72337,1.26924,0.68228,0.7416,0.79637,0.48801,1.15,0.50439,1.31808,0.0295421,0.00984738,0.0295421,0.00984738,0.0295421,0.00984738,0.0295421,0.00984738
39,1401.95,1.18274,0.72941,1.26993,0.74461,0.87919,0.83735,0.4479,1.15289,0.4618,1.32606,0.0295298,0.00984325,0.0295298,0.00984325,0.0295298,0.00984325,0.0295298,0.00984325
40,1437.79,1.17828,0.71142,1.26542,0.90112,0.69307,0.83768,0.47716,1.15428,0.48231,1.31355,0.0295174,0.00983913,0.0295174,0.00983913,0.0295174,0.00983913,0.0295174,0.00983913
41,1473.81,1.16842,0.7176,1.26455,0.67114,0.65083,0.737,0.45661,1.13284,0.47696,1.31208,0.029505,0.009835,0.029505,0.009835,0.029505,0.009835,0.029505,0.009835
42,1509.65,1.17016,0.70846,1.25658,0.6009,0.75367,0.66604,0.3696,1.17442,0.47242,1.33287,0.0294926,0.00983088,0.0294926,0.00983088,0.0294926,0.00983088,0.0294926,0.00983088
43,1545.46,1.17948,0.70298,1.26445,0.82322,0.77646,0.83573,0.47708,1.15985,0.4651,1.33526,0.0294802,0.00982675,0.0294802,0.00982675,0.0294802,0.00982675,0.0294802,0.00982675
44,1581.23,1.17455,0.71058,1.26286,0.90895,0.80836,0.88717,0.48498,1.15224,0.44715,1.31517,0.0294679,0.00982262,0.0294679,0.00982262,0.0294679,0.00982262,0.0294679,0.00982262
45,1617.08,1.17684,0.70258,1.26168,0.84474,0.7805,0.80854,0.49843,1.183,0.46116,1.33733,0.0294555,0.0098185,0.0294555,0.0098185,0.0294555,0.0098185,0.0294555,0.0098185
46,1652.93,1.16678,0.6909,1.25178,0.77834,0.77165,0.81508,0.48272,1.15386,0.45058,1.34012,0.0294431,0.00981438,0.0294431,0.00981438,0.0294431,0.00981438,0.0294431,0.00981438
47,1688.78,1.15894,0.70343,1.25502,0.75568,0.83311,0.83155,0.52569,1.14408,0.4437,1.33128,0.0294307,0.00981025,0.0294307,0.00981025,0.0294307,0.00981025,0.0294307,0.00981025
48,1724.73,1.15934,0.69394,1.24946,0.67479,0.74843,0.75176,0.47985,1.15149,0.47422,1.32023,0.0294184,0.00980613,0.0294184,0.00980613,0.0294184,0.00980613,0.0294184,0.00980613
49,1760.73,1.16049,0.6925,1.25128,0.69403,0.71583,0.78611,0.47303,1.16012,0.45397,1.33359,0.029406,0.009802,0.029406,0.009802,0.029406,0.009802,0.029406,0.009802
50,1796.66,1.16621,0.69154,1.26121,0.60198,0.80082,0.71745,0.45637,1.14868,0.46491,1.32422,0.0293936,0.00979788,0.0293936,0.00979788,0.0293936,0.00979788,0.0293936,0.00979788
51,1832.52,1.17109,0.689,1.26041,0.78157,0.77869,0.83927,0.4835,1.15779,0.44121,1.31859,0.0293812,0.00979375,0.0293812,0.00979375,0.0293812,0.00979375,0.0293812,0.00979375
52,1868.39,1.15701,0.68381,1.25064,0.61196,0.80833,0.77894,0.46938,1.14812,0.45036,1.32647,0.0293689,0.00978962,0.0293689,0.00978962,0.0293689,0.00978962,0.0293689,0.00978962
53,1904.41,1.163,0.69577,1.25551,0.81583,0.76291,0.83775,0.48161,1.1647,0.4414,1.31983,0.0293565,0.0097855,0.0293565,0.0097855,0.0293565,0.0097855,0.0293565,0.0097855
54,1940.28,1.14418,0.66758,1.23893,0.696,0.76833,0.80234,0.51506,1.15741,0.45335,1.32201,0.0293441,0.00978138,0.0293441,0.00978138,0.0293441,0.00978138,0.0293441,0.00978138
55,1976.21,1.13549,0.67733,1.24008,0.60992,0.80833,0.75501,0.48902,1.12128,0.44728,1.3088,0.0293318,0.00977725,0.0293318,0.00977725,0.0293318,0.00977725,0.0293318,0.00977725
56,2012.12,1.16116,0.66762,1.25228,0.85482,0.71603,0.86078,0.47998,1.13838,0.46345,1.31244,0.0293194,0.00977312,0.0293194,0.00977312,0.0293194,0.00977312,0.0293194,0.00977312
57,2048.05,1.15222,0.67232,1.24359,0.8528,0.78545,0.85532,0.45017,1.15921,0.4699,1.3282,0.029307,0.009769,0.029307,0.009769,0.029307,0.009769,0.029307,0.009769
58,2083.98,1.14449,0.66177,1.24407,0.55776,0.82896,0.71815,0.43783,1.12197,0.44622,1.3098,0.0292946,0.00976487,0.0292946,0.00976487,0.0292946,0.00976487,0.0292946,0.00976487
59,2119.98,1.13717,0.66699,1.24349,0.86715,0.77517,0.87771,0.53263,1.1599,0.43665,1.3341,0.0292822,0.00976075,0.0292822,0.00976075,0.0292822,0.00976075,0.0292822,0.00976075
60,2155.88,1.13532,0.67525,1.2407,0.72754,0.72586,0.72839,0.42505,1.13176,0.49931,1.31633,0.0292699,0.00975662,0.0292699,0.00975662,0.0292699,0.00975662,0.0292699,0.00975662
61,2191.97,1.13657,0.66523,1.24288,0.67228,0.79908,0.76483,0.43706,1.13908,0.47037,1.32769,0.0292575,0.0097525,0.0292575,0.0097525,0.0292575,0.0097525,0.0292575,0.0097525
62,2227.94,1.13444,0.65049,1.22945,0.74697,0.875,0.87211,0.46474,1.15873,0.45626,1.33798,0.0292451,0.00974838,0.0292451,0.00974838,0.0292451,0.00974838,0.0292451,0.00974838
63,2263.93,1.13577,0.65021,1.22982,0.65838,0.82363,0.7897,0.46402,1.13861,0.46406,1.32682,0.0292327,0.00974425,0.0292327,0.00974425,0.0292327,0.00974425,0.0292327,0.00974425
64,2299.75,1.14116,0.6715,1.23875,0.79094,0.78176,0.82402,0.52173,1.11207,0.43736,1.2923,0.0292204,0.00974013,0.0292204,0.00974013,0.0292204,0.00974013,0.0292204,0.00974013
65,2335.78,1.12824,0.6501,1.22708,0.77575,0.84358,0.86875,0.51806,1.14669,0.45563,1.31389,0.029208,0.009736,0.029208,0.009736,0.029208,0.009736,0.029208,0.009736
66,2371.76,1.12152,0.64365,1.22771,0.88402,0.74828,0.8815,0.50032,1.13817,0.42991,1.3129,0.0291956,0.00973187,0.0291956,0.00973187,0.0291956,0.00973187,0.0291956,0.00973187
67,2407.69,1.13909,0.65701,1.23245,0.84503,0.8071,0.86051,0.55782,1.16462,0.43662,1.32385,0.0291833,0.00972775,0.0291833,0.00972775,0.0291833,0.00972775,0.0291833,0.00972775
68,2443.6,1.12288,0.64643,1.23128,0.79766,0.8653,0.86424,0.52558,1.11727,0.42478,1.30846,0.0291709,0.00972362,0.0291709,0.00972362,0.0291709,0.00972362,0.0291709,0.00972362
69,2479.66,1.1282,0.65973,1.23343,0.72985,0.84644,0.85533,0.49193,1.15645,0.4396,1.33313,0.0291585,0.0097195,0.0291585,0.0097195,0.0291585,0.0097195,0.0291585,0.0097195
70,2515.68,1.1317,0.64395,1.22758,0.72324,0.61151,0.63149,0.36515,1.15871,0.45011,1.32435,0.0291461,0.00971538,0.0291461,0.00971538,0.0291461,0.00971538,0.0291461,0.00971538
71,2551.52,1.11837,0.64525,1.22612,0.76244,0.7922,0.79014,0.46975,1.13395,0.41254,1.30846,0.0291337,0.00971125,0.0291337,0.00971125,0.0291337,0.00971125,0.0291337,0.00971125
72,2587.45,1.12995,0.63811,1.23263,0.77428,0.90267,0.88337,0.52401,1.14048,0.42365,1.31635,0.0291214,0.00970713,0.0291214,0.00970713,0.0291214,0.00970713,0.0291214,0.00970713
73,2623.44,1.10737,0.63999,1.22911,0.83867,0.72246,0.82278,0.50349,1.17697,0.44165,1.3248,0.029109,0.009703,0.029109,0.009703,0.029109,0.009703,0.029109,0.009703
74,2659.28,1.12054,0.63262,1.21339,0.81401,0.71638,0.86408,0.53783,1.16536,0.44694,1.31972,0.0290966,0.00969888,0.0290966,0.00969888,0.0290966,0.00969888,0.0290966,0.00969888
75,2695.18,1.117,0.64972,1.22452,0.60814,0.77723,0.80468,0.51916,1.12127,0.41161,1.29512,0.0290842,0.00969475,0.0290842,0.00969475,0.0290842,0.00969475,0.0290842,0.00969475
76,2731.02,1.10697,0.64863,1.22431,0.69724,0.82083,0.84427,0.51804,1.1363,0.4336,1.30801,0.0290719,0.00969063,0.0290719,0.00969063,0.0290719,0.00969063,0.0290719,0.00969063
77,2767.15,1.10955,0.6465,1.22492,0.74814,0.85,0.85363,0.51293,1.13268,0.41894,1.30519,0.0290595,0.0096865,0.0290595,0.0096865,0.0290595,0.0096865,0.0290595,0.0096865
78,2803.06,1.11494,0.64472,1.23462,0.76512,0.76215,0.82749,0.51902,1.14569,0.41481,1.328,0.0290471,0.00968238,0.0290471,0.00968238,0.0290471,0.00968238,0.0290471,0.00968238
79,2838.98,1.11564,0.63638,1.21912,0.73438,0.81712,0.84893,0.53389,1.12168,0.41913,1.28854,0.0290348,0.00967825,0.0290348,0.00967825,0.0290348,0.00967825,0.0290348,0.00967825
80,2874.92,1.10498,0.64042,1.21646,0.707,0.84688,0.81527,0.4616,1.13734,0.41748,1.30875,0.0290224,0.00967413,0.0290224,0.00967413,0.0290224,0.00967413,0.0290224,0.00967413
81,2910.95,1.10734,0.62802,1.21206,0.80076,0.7877,0.77478,0.49497,1.15751,0.44774,1.3283,0.02901,0.00967,0.02901,0.00967,0.02901,0.00967,0.02901,0.00967
82,2946.88,1.10178,0.63974,1.21547,0.74856,0.78908,0.84624,0.50966,1.14208,0.4204,1.30603,0.0289976,0.00966588,0.0289976,0.00966588,0.0289976,0.00966588,0.0289976,0.00966588
83,2982.83,1.10784,0.63342,1.21946,0.81215,0.80127,0.83663,0.54619,1.12912,0.40676,1.30908,0.0289853,0.00966175,0.0289853,0.00966175,0.0289853,0.00966175,0.0289853,0.00966175
84,3018.81,1.10398,0.61429,1.21952,0.82493,0.76563,0.83098,0.51346,1.137,0.442,1.30874,0.0289729,0.00965763,0.0289729,0.00965763,0.0289729,0.00965763,0.0289729,0.00965763
85,3054.85,1.10825,0.63916,1.22572,0.81274,0.74583,0.83274,0.5021,1.13206,0.43282,1.31142,0.0289605,0.0096535,0.0289605,0.0096535,0.0289605,0.0096535,0.0289605,0.0096535
86,3090.93,1.10581,0.62592,1.21924,0.86396,0.75482,0.86491,0.52838,1.12182,0.42163,1.29418,0.0289481,0.00964937,0.0289481,0.00964937,0.0289481,0.00964937,0.0289481,0.00964937
87,3126.84,1.0993,0.62915,1.22016,0.76969,0.81748,0.83138,0.47639,1.13041,0.41691,1.30194,0.0289357,0.00964525,0.0289357,0.00964525,0.0289357,0.00964525,0.0289357,0.00964525
88,3162.75,1.10104,0.62138,1.20973,0.83222,0.77491,0.86975,0.48005,1.20813,0.44922,1.34893,0.0289234,0.00964113,0.0289234,0.00964113,0.0289234,0.00964113,0.0289234,0.00964113
89,3198.81,1.10317,0.62531,1.21489,0.88948,0.85887,0.91363,0.56088,1.12685,0.41544,1.30485,0.028911,0.009637,0.028911,0.009637,0.028911,0.009637,0.028911,0.009637
90,3234.76,1.09223,0.61373,1.21202,0.68518,0.74632,0.82028,0.50721,1.12912,0.43797,1.30476,0.0288986,0.00963287,0.0288986,0.00963287,0.0288986,0.00963287,0.0288986,0.00963287
91,3270.8,1.09371,0.62099,1.21038,0.74115,0.9,0.85019,0.52516,1.11228,0.42359,1.30819,0.0288862,0.00962875,0.0288862,0.00962875,0.0288862,0.00962875,0.0288862,0.00962875
92,3306.68,1.0964,0.61519,1.2086,0.88309,0.76208,0.84441,0.53798,1.12499,0.42079,1.30777,0.0288739,0.00962462,0.0288739,0.00962462,0.0288739,0.00962462,0.0288739,0.00962462
93,3342.76,1.08856,0.61707,1.21421,0.81675,0.77066,0.80629,0.51235,1.13925,0.42409,1.31433,0.0288615,0.0096205,0.0288615,0.0096205,0.0288615,0.0096205,0.0288615,0.0096205
94,3378.73,1.09318,0.62143,1.21298,0.79525,0.78662,0.86363,0.54122,1.11778,0.40601,1.30291,0.0288491,0.00961637,0.0288491,0.00961637,0.0288491,0.00961637,0.0288491,0.00961637
95,3414.71,1.08627,0.61301,1.20612,0.80482,0.78333,0.85626,0.51573,1.13363,0.42006,1.31523,0.0288367,0.00961225,0.0288367,0.00961225,0.0288367,0.00961225,0.0288367,0.00961225
96,3450.6,1.09449,0.61118,1.20386,0.72679,0.87242,0.85984,0.48713,1.11574,0.43026,1.30125,0.0288244,0.00960813,0.0288244,0.00960813,0.0288244,0.00960813,0.0288244,0.00960813
97,3486.65,1.09096,0.61275,1.20795,0.80922,0.91882,0.90951,0.53604,1.12762,0.42367,1.30048,0.028812,0.009604,0.028812,0.009604,0.028812,0.009604,0.028812,0.009604
98,3522.68,1.08173,0.62278,1.21192,0.81433,0.70528,0.8401,0.48097,1.14078,0.42603,1.31276,0.0287996,0.00959988,0.0287996,0.00959988,0.0287996,0.00959988,0.0287996,0.00959988
99,3558.53,1.09224,0.60601,1.2001,0.96085,0.765,0.87335,0.52391,1.12848,0.4073,1.32026,0.0287873,0.00959575,0.0287873,0.00959575,0.0287873,0.00959575,0.0287873,0.00959575
100,3594.5,1.10466,0.63507,1.21835,0.74003,0.82083,0.83041,0.51965,1.13981,0.45618,1.32617,0.0287749,0.00959163,0.0287749,0.00959163,0.0287749,0.00959163,0.0287749,0.00959163
101,3630.52,1.08868,0.61452,1.20496,0.8379,0.73345,0.869,0.5396,1.15082,0.41963,1.30998,0.0287625,0.0095875,0.0287625,0.0095875,0.0287625,0.0095875,0.0287625,0.0095875
102,3666.56,1.09992,0.61874,1.21097,0.66061,0.85116,0.78746,0.48051,1.14065,0.42819,1.30965,0.0287501,0.00958337,0.0287501,0.00958337,0.0287501,0.00958337,0.0287501,0.00958337
103,3702.44,1.07392,0.61075,1.1996,0.82084,0.83333,0.8671,0.561,1.15883,0.41407,1.31976,0.0287377,0.00957925,0.0287377,0.00957925,0.0287377,0.00957925,0.0287377,0.00957925
104,3738.32,1.07779,0.61403,1.20047,0.8867,0.73744,0.86687,0.5328,1.1332,0.40823,1.30763,0.0287254,0.00957513,0.0287254,0.00957513,0.0287254,0.00957513,0.0287254,0.00957513
105,3774.5,1.08001,0.61036,1.20438,0.80008,0.85517,0.85566,0.5671,1.12121,0.40845,1.31564,0.028713,0.009571,0.028713,0.009571,0.028713,0.009571,0.028713,0.009571
106,3810.45,1.08501,0.61371,1.21168,0.84648,0.73943,0.85426,0.51279,1.14989,0.43871,1.32362,0.0287006,0.00956688,0.0287006,0.00956688,0.0287006,0.00956688,0.0287006,0.00956688
107,3846.3,1.07192,0.60895,1.19796,0.95902,0.79894,0.90962,0.53854,1.1403,0.40467,1.31922,0.0286882,0.00956275,0.0286882,0.00956275,0.0286882,0.00956275,0.0286882,0.00956275
108,3882.38,1.07999,0.60951,1.2002,0.69891,0.8815,0.86865,0.51615,1.13334,0.41027,1.30589,0.0286759,0.00955863,0.0286759,0.00955863,0.0286759,0.00955863,0.0286759,0.00955863
109,3918.28,1.07727,0.60949,1.20497,0.65622,0.88057,0.84946,0.47361,1.15458,0.42682,1.30716,0.0286635,0.0095545,0.0286635,0.0095545,0.0286635,0.0095545,0.0286635,0.0095545
110,3954.26,1.08283,0.61507,1.21128,0.65743,0.9,0.74446,0.46139,1.15419,0.4247,1.3346,0.0286511,0.00955037,0.0286511,0.00955037,0.0286511,0.00955037,0.0286511,0.00955037
111,3990.32,1.06962,0.59717,1.19789,0.71787,0.88109,0.87414,0.51692,1.12402,0.42835,1.30092,0.0286388,0.00954625,0.0286388,0.00954625,0.0286388,0.00954625,0.0286388,0.00954625
112,4026.21,1.07891,0.61106,1.20706,0.84962,0.8632,0.9093,0.55612,1.12773,0.41643,1.30075,0.0286264,0.00954213,0.0286264,0.00954213,0.0286264,0.00954213,0.0286264,0.00954213
113,4062.46,1.06699,0.58704,1.18926,0.80818,0.81067,0.81422,0.52123,1.15147,0.43146,1.30835,0.028614,0.009538,0.028614,0.009538,0.028614,0.009538,0.028614,0.009538
114,4098.31,1.07782,0.60003,1.19696,0.7912,0.79583,0.83348,0.48833,1.13129,0.43624,1.31776,0.0286016,0.00953387,0.0286016,0.00953387,0.0286016,0.00953387,0.0286016,0.00953387
115,4134.23,1.07166,0.60037,1.19834,0.8662,0.79412,0.87067,0.55693,1.14628,0.41661,1.31384,0.0285893,0.00952975,0.0285893,0.00952975,0.0285893,0.00952975,0.0285893,0.00952975
116,4170.28,1.0656,0.59939,1.20343,0.93312,0.8762,0.91838,0.56765,1.13303,0.42268,1.31543,0.0285769,0.00952562,0.0285769,0.00952562,0.0285769,0.00952562,0.0285769,0.00952562
117,4206.29,1.0517,0.59509,1.19342,0.83313,0.82631,0.87062,0.51087,1.13266,0.40589,1.29889,0.0285645,0.0095215,0.0285645,0.0095215,0.0285645,0.0095215,0.0285645,0.0095215
118,4242.23,1.07322,0.59695,1.19964,0.8732,0.65783,0.79235,0.49622,1.12051,0.41839,1.30343,0.0285521,0.00951737,0.0285521,0.00951737,0.0285521,0.00951737,0.0285521,0.00951737
119,4278.19,1.06742,0.60279,1.19615,0.68742,0.88271,0.83404,0.43713,1.13684,0.42273,1.31356,0.0285397,0.00951325,0.0285397,0.00951325,0.0285397,0.00951325,0.0285397,0.00951325
120,4314.2,1.05093,0.59761,1.18859,0.75291,0.81084,0.82738,0.5387,1.11137,0.4182,1.30456,0.0285274,0.00950913,0.0285274,0.00950913,0.0285274,0.00950913,0.0285274,0.00950913
121,4350.22,1.06512,0.59422,1.19657,0.77113,0.83264,0.88001,0.50477,1.13616,0.4104,1.3116,0.028515,0.009505,0.028515,0.009505,0.028515,0.009505,0.028515,0.009505
122,4386.16,1.0627,0.59292,1.19477,0.92272,0.73083,0.80492,0.52203,1.12467,0.41286,1.29748,0.0285026,0.00950088,0.0285026,0.00950088,0.0285026,0.00950088,0.0285026,0.00950088
123,4422.09,1.06772,0.5915,1.19942,0.8517,0.79357,0.85449,0.50746,1.15607,0.42872,1.31489,0.0284903,0.00949675,0.0284903,0.00949675,0.0284903,0.00949675,0.0284903,0.00949675
124,4458.1,1.0535,0.5732,1.19115,0.75525,0.83406,0.84809,0.51189,1.1465,0.42814,1.31715,0.0284779,0.00949263,0.0284779,0.00949263,0.0284779,0.00949263,0.0284779,0.00949263
125,4494.16,1.05217,0.57926,1.18571,0.8062,0.83584,0.8722,0.54142,1.15608,0.41231,1.31309,0.0284655,0.0094885,0.0284655,0.0094885,0.0284655,0.0094885,0.0284655,0.0094885
126,4530.14,1.03574,0.57742,1.18307,0.97487,0.83435,0.88707,0.5362,1.10497,0.39427,1.29144,0.0284531,0.00948437,0.0284531,0.00948437,0.0284531,0.00948437,0.0284531,0.00948437
127,4566.19,1.05702,0.58869,1.19504,0.8641,0.78322,0.82815,0.5541,1.1185,0.40761,1.2981,0.0284408,0.00948025,0.0284408,0.00948025,0.0284408,0.00948025,0.0284408,0.00948025
128,4602.01,1.0482,0.57188,1.19029,0.96781,0.79684,0.90443,0.53325,1.12357,0.3934,1.3109,0.0284284,0.00947613,0.0284284,0.00947613,0.0284284,0.00947613,0.0284284,0.00947613
129,4638.02,1.05621,0.59619,1.1887,0.87944,0.75454,0.89433,0.51147,1.13564,0.39821,1.29911,0.028416,0.009472,0.028416,0.009472,0.028416,0.009472,0.028416,0.009472
130,4674,1.06568,0.6032,1.19559,0.82702,0.78172,0.83278,0.49413,1.168,0.41794,1.33224,0.0284036,0.00946788,0.0284036,0.00946788,0.0284036,0.00946788,0.0284036,0.00946788
131,4709.98,1.05914,0.58589,1.18833,0.79678,0.87965,0.89073,0.54814,1.1461,0.40752,1.32496,0.0283912,0.00946375,0.0283912,0.00946375,0.0283912,0.00946375,0.0283912,0.00946375
132,4745.9,1.05431,0.59128,1.18391,0.72619,0.78333,0.77896,0.5015,1.14887,0.42263,1.32448,0.0283789,0.00945963,0.0283789,0.00945963,0.0283789,0.00945963,0.0283789,0.00945963
133,4781.98,1.05397,0.59296,1.18466,0.82219,0.80601,0.85494,0.50139,1.15089,0.41452,1.31588,0.0283665,0.0094555,0.0283665,0.0094555,0.0283665,0.0094555,0.0283665,0.0094555
134,4818.03,1.04254,0.57524,1.18322,0.89671,0.82005,0.86851,0.53838,1.16345,0.41924,1.33239,0.0283541,0.00945137,0.0283541,0.00945137,0.0283541,0.00945137,0.0283541,0.00945137
135,4854.01,1.05462,0.57515,1.18279,0.76668,0.89032,0.84161,0.49203,1.13888,0.40487,1.30131,0.0283417,0.00944725,0.0283417,0.00944725,0.0283417,0.00944725,0.0283417,0.00944725
136,4889.97,1.04766,0.58693,1.18545,0.83108,0.925,0.90582,0.52591,1.14877,0.40964,1.32077,0.0283294,0.00944313,0.0283294,0.00944313,0.0283294,0.00944313,0.0283294,0.00944313
137,4926.09,1.04945,0.58678,1.18888,0.95471,0.83641,0.88412,0.5233,1.14341,0.40483,1.31982,0.028317,0.009439,0.028317,0.009439,0.028317,0.009439,0.028317,0.009439
138,4962.04,1.05464,0.59609,1.19155,0.7624,0.92767,0.88808,0.54289,1.17303,0.40514,1.32207,0.0283046,0.00943487,0.0283046,0.00943487,0.0283046,0.00943487,0.0283046,0.00943487
139,4998.16,1.049,0.57735,1.18207,0.81776,0.75833,0.81139,0.49324,1.14538,0.40732,1.32421,0.0282922,0.00943075,0.0282922,0.00943075,0.0282922,0.00943075,0.0282922,0.00943075
140,5034.15,1.03207,0.57113,1.17391,0.89804,0.79972,0.8757,0.53559,1.12141,0.38524,1.29445,0.0282799,0.00942663,0.0282799,0.00942663,0.0282799,0.00942663,0.0282799,0.00942663
141,5070.26,1.04382,0.57663,1.18217,0.74939,0.87538,0.87698,0.53486,1.10991,0.39847,1.29407,0.0282675,0.0094225,0.0282675,0.0094225,0.0282675,0.0094225,0.0282675,0.0094225
142,5106.25,1.04417,0.58219,1.18428,0.79221,0.89439,0.85827,0.52375,1.12312,0.39108,1.30502,0.0282551,0.00941837,0.0282551,0.00941837,0.0282551,0.00941837,0.0282551,0.00941837
143,5142.16,1.045,0.59186,1.19001,0.86796,0.8871,0.89603,0.56029,1.12341,0.39247,1.30177,0.0282427,0.00941425,0.0282427,0.00941425,0.0282427,0.00941425,0.0282427,0.00941425
144,5178.16,1.04164,0.58395,1.18872,0.87757,0.80623,0.83678,0.5173,1.10266,0.39916,1.28247,0.0282304,0.00941013,0.0282304,0.00941013,0.0282304,0.00941013,0.0282304,0.00941013
145,5214.22,1.03876,0.5748,1.18431,0.83937,0.87553,0.89369,0.55038,1.15405,0.42003,1.32121,0.028218,0.009406,0.028218,0.009406,0.028218,0.009406,0.028218,0.009406
146,5250.14,1.03727,0.57967,1.1859,0.87953,0.83205,0.88597,0.55526,1.12865,0.38616,1.29992,0.0282056,0.00940188,0.0282056,0.00940188,0.0282056,0.00940188,0.0282056,0.00940188
147,5286.18,1.03587,0.57608,1.18127,0.8548,0.80464,0.87097,0.52587,1.13754,0.38965,1.31562,0.0281932,0.00939775,0.0281932,0.00939775,0.0281932,0.00939775,0.0281932,0.00939775
148,5322.21,1.03278,0.58274,1.17708,0.8833,0.88163,0.89077,0.50095,1.14688,0.3977,1.33263,0.0281809,0.00939363,0.0281809,0.00939363,0.0281809,0.00939363,0.0281809,0.00939363
149,5358.31,1.03998,0.57988,1.17775,0.74471,0.88976,0.88717,0.51697,1.13536,0.40543,1.30893,0.0281685,0.0093895,0.0281685,0.0093895,0.0281685,0.0093895,0.0281685,0.0093895
150,5394.3,1.04083,0.57478,1.1796,0.78962,0.88824,0.86559,0.54138,1.14725,0.40947,1.31911,0.0281561,0.00938537,0.0281561,0.00938537,0.0281561,0.00938537,0.0281561,0.00938537
151,5430.3,1.03285,0.57534,1.17847,0.88943,0.85552,0.8932,0.47522,1.16384,0.42058,1.34269,0.0281437,0.00938125,0.0281437,0.00938125,0.0281437,0.00938125,0.0281437,0.00938125
152,5466.29,1.02756,0.58476,1.18173,0.85686,0.78977,0.88038,0.51273,1.13508,0.4143,1.32181,0.0281314,0.00937713,0.0281314,0.00937713,0.0281314,0.00937713,0.0281314,0.00937713
153,5502.37,1.02477,0.56266,1.16902,0.81925,0.80625,0.8221,0.48053,1.15516,0.43257,1.3194,0.028119,0.009373,0.028119,0.009373,0.028119,0.009373,0.028119,0.009373
154,5538.37,1.02597,0.56105,1.18125,0.82072,0.80833,0.79583,0.4859,1.13817,0.41257,1.31552,0.0281066,0.00936888,0.0281066,0.00936888,0.0281066,0.00936888,0.0281066,0.00936888
155,5574.32,1.04331,0.57545,1.18193,0.82144,0.82036,0.78339,0.4319,1.14181,0.4199,1.31749,0.0280942,0.00936475,0.0280942,0.00936475,0.0280942,0.00936475,0.0280942,0.00936475
156,5610.35,1.02929,0.56857,1.17177,0.83869,0.79583,0.80306,0.48864,1.14856,0.41806,1.33046,0.0280819,0.00936063,0.0280819,0.00936063,0.0280819,0.00936063,0.0280819,0.00936063
157,5646.41,1.01715,0.5633,1.16278,0.9578,0.85,0.88229,0.50679,1.1349,0.40758,1.31168,0.0280695,0.0093565,0.0280695,0.0093565,0.0280695,0.0093565,0.0280695,0.0093565
158,5682.45,1.02933,0.56143,1.17618,0.79705,0.87137,0.866,0.51224,1.13165,0.4082,1.31124,0.0280571,0.00935237,0.0280571,0.00935237,0.0280571,0.00935237,0.0280571,0.00935237
159,5718.39,1.03432,0.57167,1.18434,0.82586,0.82083,0.88864,0.52508,1.12073,0.39414,1.31114,0.0280448,0.00934825,0.0280448,0.00934825,0.0280448,0.00934825,0.0280448,0.00934825
160,5754.4,1.02042,0.55892,1.17265,0.8157,0.85141,0.85853,0.47921,1.14001,0.39074,1.31734,0.0280324,0.00934413,0.0280324,0.00934413,0.0280324,0.00934413,0.0280324,0.00934413
161,5790.45,1.01379,0.55457,1.16339,0.84318,0.78333,0.83273,0.47629,1.17167,0.40503,1.32973,0.02802,0.00934,0.02802,0.00934,0.02802,0.00934,0.02802,0.00934
162,5826.36,1.02555,0.55829,1.17294,0.83506,0.77083,0.83463,0.50676,1.13471,0.40384,1.31764,0.0280076,0.00933587,0.0280076,0.00933587,0.0280076,0.00933587,0.0280076,0.00933587
163,5862.36,1.01771,0.56789,1.16052,0.85791,0.7904,0.8521,0.48861,1.14933,0.40612,1.31512,0.0279952,0.00933175,0.0279952,0.00933175,0.0279952,0.00933175,0.0279952,0.00933175
164,5898.36,1.02298,0.56957,1.17077,0.83595,0.78333,0.83912,0.51276,1.13825,0.40407,1.3201,0.0279829,0.00932763,0.0279829,0.00932763,0.0279829,0.00932763,0.0279829,0.00932763
165,5934.46,1.0206,0.56628,1.1674,0.72319,0.83428,0.82904,0.48762,1.15298,0.40801,1.33404,0.0279705,0.0093235,0.0279705,0.0093235,0.0279705,0.0093235,0.0279705,0.0093235
166,5970.5,1.0197,0.55767,1.1705,0.82836,0.84583,0.87543,0.47068,1.14999,0.39145,1.31688,0.0279581,0.00931937,0.0279581,0.00931937,0.0279581,0.00931937,0.0279581,0.00931937
167,6006.46,1.0126,0.55927,1.16552,0.79113,0.79406,0.85484,0.48998,1.11765,0.40778,1.30921,0.0279457,0.00931525,0.0279457,0.00931525,0.0279457,0.00931525,0.0279457,0.00931525
168,6042.42,1.02026,0.56416,1.17624,0.81337,0.81591,0.84659,0.486,1.10117,0.38468,1.30221,0.0279334,0.00931112,0.0279334,0.00931112,0.0279334,0.00931112,0.0279334,0.00931112
169,6078.5,1.01949,0.5544,1.1687,0.85416,0.85393,0.89008,0.54497,1.12681,0.39136,1.30393,0.027921,0.009307,0.027921,0.009307,0.027921,0.009307,0.027921,0.009307
170,6114.48,1.02019,0.56945,1.16657,0.90076,0.80421,0.837,0.50189,1.14087,0.41259,1.32381,0.0279086,0.00930288,0.0279086,0.00930288,0.0279086,0.00930288,0.0279086,0.00930288
171,6150.46,1.01746,0.56126,1.17104,0.90302,0.84329,0.91303,0.55308,1.13044,0.39034,1.32045,0.0278963,0.00929875,0.0278963,0.00929875,0.0278963,0.00929875,0.0278963,0.00929875
172,6186.54,1.01701,0.55069,1.16512,0.88817,0.83333,0.88112,0.50647,1.13792,0.39584,1.3135,0.0278839,0.00929462,0.0278839,0.00929462,0.0278839,0.00929462,0.0278839,0.00929462
173,6222.71,1.01511,0.56892,1.16803,0.85543,0.82648,0.84495,0.51454,1.13317,0.39857,1.30517,0.0278715,0.0092905,0.0278715,0.0092905,0.0278715,0.0092905,0.0278715,0.0092905
174,6258.67,1.01365,0.55785,1.16818,0.84535,0.80718,0.82655,0.51378,1.14323,0.40493,1.31939,0.0278591,0.00928637,0.0278591,0.00928637,0.0278591,0.00928637,0.0278591,0.00928637
175,6294.73,1.01118,0.56247,1.16691,0.85445,0.80661,0.87327,0.53481,1.12824,0.40135,1.30629,0.0278467,0.00928225,0.0278467,0.00928225,0.0278467,0.00928225,0.0278467,0.00928225
176,6330.76,1.0132,0.55119,1.16818,0.80623,0.79538,0.82284,0.52088,1.15217,0.42007,1.32834,0.0278344,0.00927812,0.0278344,0.00927812,0.0278344,0.00927812,0.0278344,0.00927812
177,6366.83,1.00723,0.56042,1.16175,0.8433,0.82083,0.8758,0.51759,1.13977,0.3998,1.30993,0.027822,0.009274,0.027822,0.009274,0.027822,0.009274,0.027822,0.009274
178,6402.78,1.01428,0.56015,1.15706,0.81088,0.75616,0.85582,0.51668,1.12682,0.3991,1.30488,0.0278096,0.00926988,0.0278096,0.00926988,0.0278096,0.00926988,0.0278096,0.00926988
179,6438.88,1.0066,0.55134,1.16144,0.81071,0.77946,0.82161,0.50644,1.13455,0.4101,1.3166,0.0277972,0.00926575,0.0277972,0.00926575,0.0277972,0.00926575,0.0277972,0.00926575
180,6474.87,1.0067,0.5577,1.16156,0.85103,0.75583,0.82259,0.52016,1.14159,0.4,1.32282,0.0277849,0.00926163,0.0277849,0.00926163,0.0277849,0.00926163,0.0277849,0.00926163
181,6510.88,1.00993,0.5544,1.16363,0.84476,0.85817,0.91042,0.5374,1.14318,0.40731,1.3232,0.0277725,0.0092575,0.0277725,0.0092575,0.0277725,0.0092575,0.0277725,0.0092575
182,6546.92,1.00858,0.55719,1.16098,0.81294,0.78105,0.82038,0.51087,1.15381,0.41689,1.31625,0.0277601,0.00925338,0.0277601,0.00925338,0.0277601,0.00925338,0.0277601,0.00925338
183,6582.9,1.00753,0.55439,1.16413,0.79185,0.84063,0.82078,0.51203,1.14353,0.38966,1.30846,0.0277477,0.00924925,0.0277477,0.00924925,0.0277477,0.00924925,0.0277477,0.00924925
184,6618.92,1.00469,0.55434,1.15973,0.83851,0.82351,0.83091,0.48037,1.1636,0.39807,1.31696,0.0277354,0.00924512,0.0277354,0.00924512,0.0277354,0.00924512,0.0277354,0.00924512
185,6654.98,1.00638,0.54793,1.16227,0.79353,0.79583,0.80296,0.49783,1.14895,0.38154,1.3177,0.027723,0.009241,0.027723,0.009241,0.027723,0.009241,0.027723,0.009241
186,6691.01,0.99565,0.55185,1.15405,0.7953,0.80458,0.83251,0.53396,1.15421,0.3869,1.31914,0.0277106,0.00923688,0.0277106,0.00923688,0.0277106,0.00923688,0.0277106,0.00923688
187,6727.01,1.01754,0.54342,1.16505,0.86462,0.80748,0.85059,0.52109,1.15319,0.38572,1.30819,0.0276982,0.00923275,0.0276982,0.00923275,0.0276982,0.00923275,0.0276982,0.00923275
188,6762.92,0.99819,0.54352,1.15717,0.93048,0.78236,0.83275,0.52531,1.14753,0.38745,1.30934,0.0276859,0.00922863,0.0276859,0.00922863,0.0276859,0.00922863,0.0276859,0.00922863
189,6799,1.00309,0.54857,1.16433,0.86301,0.80346,0.84786,0.51279,1.14142,0.39058,1.3184,0.0276735,0.0092245,0.0276735,0.0092245,0.0276735,0.0092245,0.0276735,0.0092245
190,6835.04,0.98743,0.54772,1.15646,0.8638,0.82083,0.82057,0.49343,1.14905,0.38402,1.30307,0.0276611,0.00922038,0.0276611,0.00922038,0.0276611,0.00922038,0.0276611,0.00922038
191,6871.06,1.00109,0.54438,1.15809,0.87451,0.77083,0.8806,0.50696,1.15523,0.39355,1.33922,0.0276487,0.00921625,0.0276487,0.00921625,0.0276487,0.00921625,0.0276487,0.00921625
192,6907.09,1.01222,0.55548,1.16556,0.80905,0.83532,0.82569,0.48463,1.18092,0.38742,1.36519,0.0276364,0.00921212,0.0276364,0.00921212,0.0276364,0.00921212,0.0276364,0.00921212
193,6943.16,1.00393,0.55382,1.1596,0.89104,0.82083,0.82766,0.48589,1.15415,0.39577,1.34091,0.027624,0.009208,0.027624,0.009208,0.027624,0.009208,0.027624,0.009208
194,6979.17,0.99362,0.54532,1.16446,0.74926,0.89229,0.88156,0.51034,1.1608,0.39119,1.34768,0.0276116,0.00920388,0.0276116,0.00920388,0.0276116,0.00920388,0.0276116,0.00920388
195,7015.16,0.9921,0.54993,1.15444,0.88453,0.83828,0.89943,0.52651,1.15557,0.3896,1.33503,0.0275992,0.00919975,0.0275992,0.00919975,0.0275992,0.00919975,0.0275992,0.00919975
196,7051.13,0.99648,0.55572,1.15277,0.73612,0.8371,0.79142,0.47744,1.14656,0.396,1.32867,0.0275869,0.00919562,0.0275869,0.00919562,0.0275869,0.00919562,0.0275869,0.00919562
197,7087.32,0.99809,0.54962,1.16416,0.83712,0.9,0.88183,0.54371,1.14189,0.39364,1.315,0.0275745,0.0091915,0.0275745,0.0091915,0.0275745,0.0091915,0.0275745,0.0091915
198,7123.3,1.00587,0.55034,1.15891,0.8755,0.82623,0.90326,0.54051,1.1412,0.39349,1.31635,0.0275621,0.00918738,0.0275621,0.00918738,0.0275621,0.00918738,0.0275621,0.00918738
199,7159.3,0.99734,0.54103,1.15091,0.86664,0.79938,0.86635,0.54773,1.13602,0.37916,1.31489,0.0275497,0.00918325,0.0275497,0.00918325,0.0275497,0.00918325,0.0275497,0.00918325
200,7195.44,0.98945,0.5444,1.1507,0.84073,0.80745,0.84127,0.48119,1.14692,0.38906,1.3252,0.0275374,0.00917912,0.0275374,0.00917912,0.0275374,0.00917912,0.0275374,0.00917912
201,7231.61,0.99641,0.55074,1.15909,0.83596,0.82255,0.8864,0.50903,1.14523,0.39502,1.32742,0.027525,0.009175,0.027525,0.009175,0.027525,0.009175,0.027525,0.009175
202,7267.74,0.99141,0.54037,1.16099,0.82636,0.77929,0.83849,0.53229,1.12512,0.40314,1.31762,0.0275126,0.00917088,0.0275126,0.00917088,0.0275126,0.00917088,0.0275126,0.00917088
203,7303.8,0.98407,0.53424,1.15101,0.83663,0.79636,0.83862,0.52936,1.1286,0.39776,1.32584,0.0275002,0.00916675,0.0275002,0.00916675,0.0275002,0.00916675,0.0275002,0.00916675
204,7339.77,0.9842,0.54841,1.15129,0.78281,0.80833,0.82817,0.51736,1.14735,0.39998,1.32774,0.0274879,0.00916263,0.0274879,0.00916263,0.0274879,0.00916263,0.0274879,0.00916263
205,7375.83,0.98088,0.5305,1.15126,0.78003,0.84188,0.87918,0.48691,1.16308,0.39814,1.33061,0.0274755,0.0091585,0.0274755,0.0091585,0.0274755,0.0091585,0.0274755,0.0091585
206,7411.81,0.98691,0.54037,1.1509,0.74355,0.82083,0.8057,0.49242,1.1431,0.39556,1.32376,0.0274631,0.00915438,0.0274631,0.00915438,0.0274631,0.00915438,0.0274631,0.00915438
207,7447.9,0.9967,0.54318,1.16128,0.90775,0.79411,0.85917,0.52461,1.1425,0.38745,1.33041,0.0274507,0.00915025,0.0274507,0.00915025,0.0274507,0.00915025,0.0274507,0.00915025
208,7483.88,0.98668,0.53996,1.15535,0.84179,0.82947,0.85389,0.52797,1.14326,0.39931,1.33567,0.0274384,0.00914613,0.0274384,0.00914613,0.0274384,0.00914613,0.0274384,0.00914613
209,7519.93,0.98447,0.54571,1.15343,0.82211,0.83038,0.86414,0.48092,1.15701,0.40397,1.33939,0.027426,0.009142,0.027426,0.009142,0.027426,0.009142,0.027426,0.009142
210,7555.98,0.98285,0.53466,1.14109,0.84972,0.8172,0.85936,0.51049,1.1515,0.388,1.33629,0.0274136,0.00913788,0.0274136,0.00913788,0.0274136,0.00913788,0.0274136,0.00913788
211,7591.91,0.97956,0.5369,1.15155,0.81461,0.87096,0.86374,0.48657,1.13338,0.39036,1.31987,0.0274012,0.00913375,0.0274012,0.00913375,0.0274012,0.00913375,0.0274012,0.00913375
212,7627.99,0.98134,0.5425,1.15167,0.8154,0.81197,0.85265,0.46671,1.13882,0.40324,1.33099,0.0273889,0.00912963,0.0273889,0.00912963,0.0273889,0.00912963,0.0273889,0.00912963
213,7664.06,0.97723,0.55027,1.1523,0.83331,0.79468,0.82147,0.45571,1.14785,0.41507,1.33173,0.0273765,0.0091255,0.0273765,0.0091255,0.0273765,0.0091255,0.0273765,0.0091255
214,7700.17,0.97597,0.5258,1.14451,0.75914,0.85293,0.8841,0.49337,1.14336,0.41137,1.32697,0.0273641,0.00912138,0.0273641,0.00912138,0.0273641,0.00912138,0.0273641,0.00912138
215,7736.15,0.98209,0.55174,1.15382,0.83511,0.79468,0.84865,0.48571,1.13576,0.39794,1.32105,0.0273517,0.00911725,0.0273517,0.00911725,0.0273517,0.00911725,0.0273517,0.00911725
216,7772.27,0.9915,0.55421,1.15562,0.83368,0.7816,0.83666,0.50041,1.14491,0.42387,1.33048,0.0273394,0.00911312,0.0273394,0.00911312,0.0273394,0.00911312,0.0273394,0.00911312
